{
    "LinearRegression": {
        "MAE": 0.05338342583696316,
        "RMSE": 0.06738048935903594,
        "R2": 0.950011324518313
    },
    "RandomForest": {
        "MAE": 0.01892854999999932,
        "RMSE": 0.027968503425973523,
        "R2": 0.991387251520806
    },
    "XGBoost": {
        "MAE": 0.019070520629882886,
        "RMSE": 0.027369481537946726,
        "R2": 0.9917522317510197
    }
}