{
    "LinearRegression": {
        "MAE": 11.117193055460211,
        "RMSE": 14.92715655528204,
        "R2": 0.4532651624890559
    },
    "RandomForest": {
        "MAE": 8.207059387392379,
        "RMSE": 12.060249522956147,
        "R2": 0.643109359309368
    },
    "XGBoost": {
        "MAE": 7.34275605035938,
        "RMSE": 10.75483169547399,
        "R2": 0.7161886175806849
    }
}