{
    "LinearRegression": {
        "MAE": 0.012457765158521275,
        "RMSE": 0.01587384569014327,
        "R2": 0.9895779886486546
    },
    "RandomForest": {
        "MAE": 0.002587552053634805,
        "RMSE": 0.0038622601606166872,
        "R2": 0.999383021142227
    },
    "XGBoost": {
        "MAE": 0.0031048934661046215,
        "RMSE": 0.0041103920677414574,
        "R2": 0.9993011986568262
    }
}